,username,tags
0,sjwaistle,#nintendodirect
1,BaD_KiTTy_MeLz,#nationaldogday
2,oliviaaajames,#nationaldogday
3,imuwa,bournemouth
4,mayaawtf,#happybirthdayliampayne
5,njhspride,#larryisoverparty
6,mickey19887,#journalsstansparty
7,_ninaaaaaa__,#getwellsoonjackson
8,JRodEsShady,britney
9,Ant_Pontoni_,#nationaldogday
10,Burkealator,felipe massa
11,KotaKyePie,#respecttylerjoseph
12,UConnCompliance,#nationaldogday
13,i_znhy,#isac2016
14,jvong1120,#narcos
15,NiallsHeartX0,#larryisoverparty
16,AmmarAbdSamat,#narcos
17,danielstaten,#backtohogwarts
18,kendall_garton,#backtohogwarts
19,larriesbutthole,#justinssextapeleakedparty
20,JvittalTV,#backtohogwarts
21,Nwtuningtech,britney
22,prashain,britney
23,ZakiiBoy,britney
24,Snowstorm_20,#backtohogwarts
25,Pyro46,galaxy note 7
26,MrMichaelSudano,#narcos
27,mattate9,#nationaldogday
28,emiveli_,#narcos
29,Avoidingmikey,#backtohogwarts
30,albart31,#nationaldogday
31,gabbiehooper,#backtohogwarts
32,blakehanash,libero
33,kres_teyan,#backtohogwarts
34,oliviab_7,#nationaldogday
35,MeggMitchelll,#nationaldogday
36,jdonegan18,#nationaldogday
37,portiadapito,harry potter
38,xnatijax_,#michaeljacksonday
39,gretchenkast,britn
40,Be_Lucky_Lauren,felipe massa
41,tofufarter,harry potter
42,cincinnati_buzz,galaxy note 7
43,ILcapo24,#nationaldogday
44,dayengku,#backtohogwarts
45,HobiHobiHaz,#getwellsoonjackson
46,miyennz,harry potter
47,ayennoveda,#prettylittleliars
48,epost4720,#respecttylerjoseph
49,vigneshponnuvel,galaxy note 7
50,kkaj,#narcos
51,LG_Blou,#perfectillusionseptember9th
52,epost4720,#respecttylerjoseph
53,MaCtheDBear,britney
54,pooja_gum,#backtohogwarts
55,lego566,#youtubeisoverparty
56,OhMyBieber94,#journalsstansparty
57,kwon_diana,#isac2016
58,graceduggan_,halsey
59,deadbaabee,#idonottrustanyonewho
60,UrosRancic,#youtubeisoverparty
61,andreaalexis26,#narcos
62,sarahdorat_16,#nationaldogday
63,BubblePopGames,#backtohogwarts
64,isaacb5,cape canaveral
65,buff_n3rd,#nationaldogday
66,goldengyeom,#isac2016
67,darcyhan22,#backtohogwarts
68,_ninaaaaaa__,#getwellsoonjackson
69,AllyHolmes,#nationaldogday
70,Shanoneal,#backtohogwarts
71,steephfuunny,#nationaldogday
72,queermerlxn,#justinssextapeleakedpar
73,WWMobileNews,galaxy note 7
74,ShanaDan_,#usopen
75,Yay5SOSFamily,#veranomtv2016
76,sandspike53,jorge
77,hellodkh,#isac2016
78,xtina_meoow,halsey
79,girlslovestevo,#michaeljacksonday
80,totesppresh,#narcos
81,KColv17,#nationaldogday
82,rennyrye,#backtohogwarts
83,mostdopewilson,#nationaldogday
84,SgimMigs,harry potter
85,chaethot,#happyjungkookday
86,luvsboca,#journalsstansparty
87,Ashley_Nova_,#backtohogwarts
88,expecthoe,#backtohogwarts
89,sierra_tyla,#nationaldogday
90,TimesofNews,alicia vikander
91,Literarygrrrl,#backtohogwarts
92,rizeltomlinson1,#happybirthdayliampayne
93,dualiqas,#respecttylerjoseph
94,TheTedwards,#backtohogwarts
95,selfmachine,#narcos
96,usnewstoday_,cape canaver
97,eva_lilly,#prettylittleliars
98,ne_yonce,#nationaldogday
